type,entry_time,entry_price,sl,hour,exit_time,exit_price,tp,result,pnl
BUY,2025-04-10 14:00:00+00:00,3142.465,3118.9950000000003,10,2025-04-10 14:00:00+00:00,3118.9950000000003,3201.1399999999994,LOSS,-23.4699999999998
SELL,2025-04-13 22:00:00+00:00,3219.885,3236.575,18,2025-04-14 01:30:00+00:00,3236.575,3178.160000000001,LOSS,-16.6899999999996
BUY,2025-04-15 01:15:00+00:00,3222.885,3194.215,21,2025-04-16 06:30:00+00:00,3294.5600000000004,3294.5600000000004,WIN,71.67500000000018
SELL,2025-04-15 13:45:00+00:00,3212.825,3224.365,9,2025-04-15 14:15:00+00:00,3224.365,3183.975,LOSS,-11.539999999999964
BUY,2025-04-16 13:45:00+00:00,3311.335,3296.385,9,2025-04-16 22:00:00+00:00,3348.7099999999996,3348.7099999999996,WIN,37.374999999999545
SELL,2025-04-17 14:30:00+00:00,3294.335,3332.085,10,2025-04-20 22:00:00+00:00,3332.085,3199.96,LOSS,-37.75
BUY,2025-04-20 22:00:00+00:00,3338.205,3326.7250000000004,18,2025-04-21 00:30:00+00:00,3366.904999999999,3366.904999999999,WIN,28.69999999999891
BUY,2025-04-21 14:00:00+00:00,3426.315,3404.5950000000003,10,2025-04-22 03:15:00+00:00,3480.615,3480.615,WIN,54.2999999999995
SELL,2025-04-22 16:15:00+00:00,3386.485,3445.075,12,2025-05-01 01:00:00+00:00,3240.010000000001,3240.010000000001,WIN,146.47499999999923
SELL,2025-04-23 13:45:00+00:00,3277.215,3304.4449999999997,9,2025-04-23 16:45:00+00:00,3304.4449999999997,3209.1400000000012,LOSS,-27.229999999999563
SELL,2025-04-24 13:45:00+00:00,3314.995,3333.5249999999996,9,2025-04-24 16:00:00+00:00,3333.5249999999996,3268.6700000000005,LOSS,-18.529999999999745
BUY,2025-04-27 22:00:00+00:00,3326.245,3318.425,18,2025-04-27 22:15:00+00:00,3318.425,3345.794999999999,LOSS,-7.819999999999709
BUY,2025-04-28 14:15:00+00:00,3310.895,3289.375,10,2025-04-30 08:00:00+00:00,3289.375,3364.6949999999997,LOSS,-21.519999999999982
SELL,2025-04-29 13:45:00+00:00,3306.095,3321.1949999999997,9,2025-04-29 16:30:00+00:00,3321.1949999999997,3268.3450000000003,LOSS,-15.099999999999909
SELL,2025-04-30 14:30:00+00:00,3293.935,3319.7549999999997,10,2025-05-01 03:30:00+00:00,3229.3850000000007,3229.3850000000007,WIN,64.54999999999927
SELL,2025-05-01 14:45:00+00:00,3218.655,3233.2749999999996,10,2025-05-01 20:00:00+00:00,3233.2749999999996,3182.1050000000014,LOSS,-14.619999999999436
BUY,2025-05-02 14:45:00+00:00,3262.385,3247.695,10,2025-05-02 15:30:00+00:00,3247.695,3299.1100000000006,LOSS,-14.690000000000055
BUY,2025-05-04 22:30:00+00:00,3242.105,3239.215,18,2025-05-04 22:45:00+00:00,3239.215,3249.33,LOSS,-2.8899999999998727
BUY,2025-05-05 18:15:00+00:00,3319.505,3311.315,14,2025-05-06 01:00:00+00:00,3339.9800000000005,3339.9800000000005,WIN,20.475000000000136
BUY,2025-05-06 16:15:00+00:00,3403.945,3387.295,12,2025-05-06 22:15:00+00:00,3387.295,3445.5700000000006,LOSS,-16.65000000000009
BUY,2025-05-07 13:45:00+00:00,3394.175,3382.295,9,2025-05-07 14:15:00+00:00,3382.295,3423.8750000000005,LOSS,-11.88000000000011
SELL,2025-05-08 13:45:00+00:00,3355.625,3369.3849999999998,9,2025-05-08 16:00:00+00:00,3321.2250000000004,3321.2250000000004,WIN,34.39999999999941
SELL,2025-05-09 13:45:00+00:00,3330.515,3340.0249999999996,9,2025-05-09 14:30:00+00:00,3340.0249999999996,3306.7400000000007,LOSS,-9.509999999999764
SELL,2025-05-11 22:00:00+00:00,3281.375,3323.5449999999996,18,2025-05-14 13:00:00+00:00,3175.9500000000007,3175.9500000000007,WIN,105.42499999999905
SELL,2025-05-12 16:15:00+00:00,3227.255,3244.4449999999997,12,2025-05-13 04:30:00+00:00,3244.4449999999997,3184.280000000001,LOSS,-17.1899999999996
SELL,2025-05-13 13:45:00+00:00,3227.265,3245.555,9,2025-05-13 14:30:00+00:00,3245.555,3181.54,LOSS,-18.289999999999964
SELL,2025-05-14 14:45:00+00:00,3181.575,3193.9649999999997,10,2025-05-15 02:45:00+00:00,3150.6000000000004,3150.6000000000004,WIN,30.97499999999968
BUY,2025-05-15 14:00:00+00:00,3202.845,3188.775,10,2025-05-15 20:15:00+00:00,3238.019999999999,3238.019999999999,WIN,35.17499999999927
SELL,2025-05-16 14:30:00+00:00,3169.515,3186.365,10,2025-05-16 16:00:00+00:00,3186.365,3127.3900000000003,LOSS,-16.84999999999991
BUY,2025-05-18 22:00:00+00:00,3217.505,3202.2650000000003,18,2025-05-20 13:45:00+00:00,3255.6049999999996,3255.6049999999996,WIN,38.099999999999454
BUY,2025-05-19 14:45:00+00:00,3233.755,3224.275,10,2025-05-19 22:45:00+00:00,3224.275,3257.455,LOSS,-9.480000000000018
BUY,2025-05-20 13:45:00+00:00,3261.015,3236.0750000000003,9,2025-05-21 19:00:00+00:00,3323.364999999999,3323.364999999999,WIN,62.349999999999
BUY,2025-05-21 15:00:00+00:00,3311.955,3300.8050000000003,11,2025-05-22 01:30:00+00:00,3339.829999999999,3339.829999999999,WIN,27.87499999999909
SELL,2025-05-22 13:45:00+00:00,3287.175,3313.285,9,2025-05-23 04:15:00+00:00,3313.285,3221.900000000001,LOSS,-26.109999999999673
BUY,2025-05-23 14:30:00+00:00,3352.798,3336.3650000000002,10,2025-05-26 00:00:00+00:00,3336.3650000000002,3393.8804999999984,LOSS,-16.432999999999538
SELL,2025-05-25 22:00:00+00:00,3351.215,3356.7749999999996,18,2025-05-26 00:00:00+00:00,3337.3150000000014,3337.3150000000014,WIN,13.899999999998727
BUY,2025-05-26 22:15:00+00:00,3346.548,3334.1180000000004,18,2025-05-27 01:30:00+00:00,3334.1180000000004,3377.6229999999982,LOSS,-12.429999999999382
SELL,2025-05-27 15:30:00+00:00,3291.248,3304.948,11,2025-05-27 19:00:00+00:00,3304.948,3256.9980000000005,LOSS,-13.699999999999818
SELL,2025-05-28 15:15:00+00:00,3294.948,3309.5649999999996,11,2025-05-28 23:30:00+00:00,3258.4055000000008,3258.4055000000008,WIN,36.542499999999336
BUY,2025-05-29 16:00:00+00:00,3329.298,3311.675,12,2025-05-30 00:30:00+00:00,3311.675,3373.3554999999988,LOSS,-17.622999999999593
SELL,2025-05-30 13:45:00+00:00,3276.335,3299.325,9,2025-06-01 22:00:00+00:00,3299.325,3218.8600000000006,LOSS,-22.98999999999978
BUY,2025-06-01 22:00:00+00:00,3307.035,3288.665,18,2025-06-02 07:15:00+00:00,3352.9599999999996,3352.9599999999996,WIN,45.92499999999973
BUY,2025-06-02 13:45:00+00:00,3370.368,3349.7250000000004,9,2025-06-03 12:15:00+00:00,3349.7250000000004,3421.9754999999986,LOSS,-20.642999999999574
SELL,2025-06-03 13:45:00+00:00,3345.425,3359.5049999999997,9,2025-06-03 23:00:00+00:00,3359.5049999999997,3310.2250000000013,LOSS,-14.079999999999472
BUY,2025-06-04 14:00:00+00:00,3366.598,3350.8050000000003,10,2025-06-04 14:00:00+00:00,3350.8050000000003,3406.080499999999,LOSS,-15.792999999999665
SELL,2025-06-05 14:45:00+00:00,3367.415,3388.3979999999997,10,2025-06-06 18:00:00+00:00,3314.9575000000004,3314.9575000000004,WIN,52.4574999999993
SELL,2025-06-06 13:45:00+00:00,3342.925,3355.3979999999997,9,2025-06-06 19:45:00+00:00,3311.742500000001,3311.742500000001,WIN,31.182499999998754
BUY,2025-06-08 22:00:00+00:00,3317.115,3309.425,18,2025-06-08 22:45:00+00:00,3309.425,3336.339999999999,LOSS,-7.6899999999996
BUY,2025-06-09 13:45:00+00:00,3319.135,3310.458,9,2025-06-10 01:15:00+00:00,3310.458,3340.8275000000003,LOSS,-8.677000000000135
SELL,2025-06-10 16:45:00+00:00,3321.065,3347.7749999999996,12,2025-06-11 07:45:00+00:00,3347.7749999999996,3254.290000000001,LOSS,-26.70999999999958
BUY,2025-06-11 14:30:00+00:00,3340.498,3332.3650000000002,10,2025-06-11 14:30:00+00:00,3332.3650000000002,3360.8304999999996,LOSS,-8.13299999999981
BUY,2025-06-13 00:00:00+00:00,3401.598,3380.195,20,2025-06-17 03:00:00+00:00,3380.195,3455.1054999999997,LOSS,-21.402999999999793
BUY,2025-06-15 22:00:00+00:00,3449.595,3431.655,18,2025-06-15 22:00:00+00:00,3431.655,3494.444999999999,LOSS,-17.9399999999996
SELL,2025-06-16 13:45:00+00:00,3387.708,3417.348,9,2025-06-24 12:00:00+00:00,3313.608,3313.608,WIN,74.09999999999968
SELL,2025-06-17 13:45:00+00:00,3390.385,3397.475,9,2025-06-17 14:30:00+00:00,3372.6600000000008,3372.6600000000008,WIN,17.724999999999227
SELL,2025-06-18 14:00:00+00:00,3384.735,3396.848,10,2025-06-19 06:00:00+00:00,3354.4525000000003,3354.4525000000003,WIN,30.282499999999573
SELL,2025-06-20 01:00:00+00:00,3359.005,3368.9979999999996,21,2025-06-20 13:45:00+00:00,3368.9979999999996,3334.0225000000014,LOSS,-9.992999999999483
BUY,2025-06-20 13:45:00+00:00,3370.048,3356.1780000000003,9,2025-06-23 01:15:00+00:00,3356.1780000000003,3404.722999999998,LOSS,-13.869999999999436
BUY,2025-06-22 22:00:00+00:00,3379.598,3367.8050000000003,18,2025-06-23 00:00:00+00:00,3367.8050000000003,3409.080499999999,LOSS,-11.792999999999665
BUY,2025-06-23 14:45:00+00:00,3386.255,3367.945,10,2025-06-23 20:30:00+00:00,3367.945,3432.0299999999997,LOSS,-18.309999999999945
BUY,2025-06-25 16:45:00+00:00,3334.575,3311.505,12,2025-06-26 13:30:00+00:00,3311.505,3392.249999999999,LOSS,-23.06999999999971
BUY,2025-06-26 17:15:00+00:00,3334.348,3309.4950000000003,13,2025-06-27 02:45:00+00:00,3309.4950000000003,3396.4804999999988,LOSS,-24.85299999999961
SELL,2025-06-29 22:00:00+00:00,3265.475,3273.535,18,2025-06-29 22:00:00+00:00,3273.535,3245.325,LOSS,-8.059999999999945
BUY,2025-06-30 13:45:00+00:00,3284.558,3277.525,9,2025-06-30 19:00:00+00:00,3302.1404999999995,3302.1404999999995,WIN,17.582499999999754
BUY,2025-07-01 13:45:00+00:00,3351.328,3345.1850000000004,9,2025-07-01 13:45:00+00:00,3345.1850000000004,3366.6854999999987,LOSS,-6.142999999999574
BUY,2025-07-02 16:00:00+00:00,3345.975,3338.9480000000003,12,2025-07-02 22:15:00+00:00,3363.5424999999987,3363.5424999999987,WIN,17.567499999998972
SELL,2025-07-03 14:15:00+00:00,3327.415,3338.508,10,2025-07-04 03:45:00+00:00,3338.508,3299.6825000000003,LOSS,-11.092999999999847
SELL,2025-07-04 13:45:00+00:00,3333.585,3337.698,9,2025-07-04 13:45:00+00:00,3337.698,3323.3025000000007,LOSS,-4.112999999999829
BUY,2025-07-06 22:00:00+00:00,3338.048,3336.0480000000002,18,2025-07-06 22:00:00+00:00,3336.0480000000002,3343.047999999999,LOSS,-1.9999999999995453
BUY,2025-07-07 16:15:00+00:00,3324.498,3305.735,12,2025-07-08 14:00:00+00:00,3305.735,3371.4055,LOSS,-18.76299999999992
SELL,2025-07-08 13:45:00+00:00,3314.965,3326.899,9,2025-07-09 03:00:00+00:00,3285.130000000001,3285.130000000001,WIN,29.834999999999354
BUY,2025-07-09 14:30:00+00:00,3310.455,3291.5150000000003,10,2025-07-11 13:15:00+00:00,3357.804999999999,3357.804999999999,WIN,47.349999999999
SELL,2025-07-10 13:45:00+00:00,3312.598,3328.3149999999996,9,2025-07-11 00:30:00+00:00,3328.3149999999996,3273.305500000001,LOSS,-15.716999999999643
BUY,2025-07-11 14:30:00+00:00,3359.569,3350.219,10,2025-07-11 17:00:00+00:00,3350.219,3382.9439999999995,LOSS,-9.349999999999909
BUY,2025-07-13 22:00:00+00:00,3365.355,3354.525,18,2025-07-14 02:15:00+00:00,3354.525,3392.43,LOSS,-10.829999999999927
SELL,2025-07-14 14:00:00+00:00,3351.555,3358.055,10,2025-07-15 03:45:00+00:00,3358.055,3335.305,LOSS,-6.5
SELL,2025-07-15 15:15:00+00:00,3334.085,3342.299,11,2025-07-15 15:15:00+00:00,3342.299,3313.55,LOSS,-8.213999999999942
SELL,2025-07-16 14:00:00+00:00,3325.885,3334.7889999999998,10,2025-07-16 14:45:00+00:00,3334.7889999999998,3303.6250000000014,LOSS,-8.903999999999542
BUY,2025-07-17 16:15:00+00:00,3338.629,3313.1980000000003,12,2025-07-21 23:30:00+00:00,3402.206499999999,3402.206499999999,WIN,63.57749999999896
SELL,2025-07-20 22:00:00+00:00,3346.598,3349.855,18,2025-07-20 22:00:00+00:00,3349.855,3338.4555,LOSS,-3.257000000000062
BUY,2025-07-21 14:00:00+00:00,3394.585,3383.128,10,2025-07-22 07:30:00+00:00,3383.128,3423.2275,LOSS,-11.45699999999988
BUY,2025-07-22 14:15:00+00:00,3421.459,3412.525,10,2025-07-23 13:00:00+00:00,3412.525,3443.793999999999,LOSS,-8.933999999999742
BUY,2025-07-23 13:45:00+00:00,3412.958,3405.068,9,2025-07-23 15:45:00+00:00,3405.068,3432.683,LOSS,-7.889999999999873
SELL,2025-07-25 14:15:00+00:00,3337.848,3347.598,10,2025-07-28 13:45:00+00:00,3313.473,3313.473,WIN,24.375
SELL,2025-07-27 22:00:00+00:00,3332.715,3335.7749999999996,18,2025-07-27 22:00:00+00:00,3325.0650000000014,3325.0650000000014,WIN,7.649999999998727
SELL,2025-07-28 13:45:00+00:00,3302.085,3329.2749999999996,9,2025-07-29 08:15:00+00:00,3329.2749999999996,3234.110000000001,LOSS,-27.1899999999996
BUY,2025-07-29 14:30:00+00:00,3327.145,3312.318,10,2025-07-30 12:45:00+00:00,3312.318,3364.2124999999996,LOSS,-14.82699999999977
SELL,2025-07-30 15:00:00+00:00,3300.515,3308.1349999999998,11,2025-07-30 18:45:00+00:00,3281.465,3281.465,WIN,19.049999999999727
SELL,2025-07-31 13:45:00+00:00,3301.145,3308.845,9,2025-08-01 01:45:00+00:00,3281.8950000000004,3281.8950000000004,WIN,19.249999999999545
BUY,2025-08-01 19:30:00+00:00,3360.015,3341.635,15,2025-08-07 22:00:00+00:00,3405.9649999999992,3405.9649999999992,WIN,45.949999999999136
SELL,2025-08-04 00:15:00+00:00,3355.325,3362.625,20,2025-08-04 11:00:00+00:00,3362.625,3337.0749999999994,LOSS,-7.300000000000182
BUY,2025-08-04 13:45:00+00:00,3382.688,3373.155,9,2025-08-04 14:45:00+00:00,3373.155,3406.5204999999996,LOSS,-9.532999999999902
BUY,2025-08-05 14:30:00+00:00,3384.048,3368.8250000000003,10,2025-08-06 08:00:00+00:00,3368.8250000000003,3422.1054999999988,LOSS,-15.222999999999502
BUY,2025-08-06 13:45:00+00:00,3371.465,3364.875,9,2025-08-07 07:00:00+00:00,3387.9400000000005,3387.9400000000005,WIN,16.475000000000364
BUY,2025-08-07 17:30:00+00:00,3391.498,3385.2850000000003,13,2025-08-07 22:00:00+00:00,3407.0304999999994,3407.0304999999994,WIN,15.532499999999345
BUY,2025-08-08 13:45:00+00:00,3399.625,3389.079,9,2025-08-08 14:00:00+00:00,3389.079,3425.99,LOSS,-10.545999999999822
SELL,2025-08-10 22:00:00+00:00,3393.989,3398.779,18,2025-08-10 22:00:00+00:00,3398.779,3382.014,LOSS,-4.789999999999964
SELL,2025-08-11 14:30:00+00:00,3346.425,3358.439,10,2025-08-11 17:30:00+00:00,3358.439,3316.3900000000012,LOSS,-12.013999999999669
SELL,2025-08-12 14:00:00+00:00,3335.735,3355.355,10,2025-08-12 15:15:00+00:00,3355.355,3286.6850000000004,LOSS,-19.61999999999989
BUY,2025-08-13 13:45:00+00:00,3364.898,3355.898,9,2025-08-13 15:15:00+00:00,3355.898,3387.398,LOSS,-9.0
SELL,2025-08-14 13:45:00+00:00,3343.905,3349.348,9,2025-08-14 16:15:00+00:00,3330.2975000000006,3330.2975000000006,WIN,13.60749999999939
SELL,2025-08-15 20:45:00+00:00,3334.645,3340.2749999999996,16,2025-08-18 00:15:00+00:00,3340.2749999999996,3320.5700000000006,LOSS,-5.629999999999654
SELL,2025-08-17 22:00:00+00:00,3333.198,3334.845,18,2025-08-17 22:00:00+00:00,3334.845,3329.0805,LOSS,-1.6469999999999345
SELL,2025-08-18 13:45:00+00:00,3336.665,3343.9449999999997,9,2025-08-19 10:15:00+00:00,3343.9449999999997,3318.4650000000006,LOSS,-7.279999999999745
SELL,2025-08-19 14:30:00+00:00,3326.035,3338.3149999999996,10,2025-08-20 12:30:00+00:00,3338.3149999999996,3295.3350000000005,LOSS,-12.279999999999745
BUY,2025-08-20 19:15:00+00:00,3348.385,3340.105,15,2025-08-21 03:45:00+00:00,3340.105,3369.085000000001,LOSS,-8.2800000000002
SELL,2025-08-21 17:45:00+00:00,3336.885,3347.575,13,2025-08-22 14:00:00+00:00,3347.575,3310.160000000001,LOSS,-10.6899999999996
BUY,2025-08-22 14:00:00+00:00,3358.898,3328.3250000000003,10,2025-08-29 14:00:00+00:00,3435.3305,3435.3305,WIN,76.43249999999966
SELL,2025-08-24 22:30:00+00:00,3366.065,3371.435,18,2025-08-25 14:00:00+00:00,3371.435,3352.6400000000003,LOSS,-5.369999999999891
BUY,2025-08-25 13:45:00+00:00,3370.505,3363.415,9,2025-08-25 23:00:00+00:00,3363.415,3388.2300000000005,LOSS,-7.0900000000001455
BUY,2025-08-26 14:45:00+00:00,3379.185,3373.128,10,2025-08-27 16:30:00+00:00,3394.3274999999994,3394.3274999999994,WIN,15.142499999999472
BUY,2025-08-27 14:15:00+00:00,3382.915,3377.0750000000003,10,2025-08-27 16:45:00+00:00,3397.5149999999994,3397.5149999999994,WIN,14.599999999999227
BUY,2025-08-28 14:00:00+00:00,3411.325,3401.3050000000003,10,2025-08-29 14:00:00+00:00,3436.3749999999986,3436.3749999999986,WIN,25.049999999998818
BUY,2025-08-29 13:45:00+00:00,3428.425,3416.985,9,2025-09-01 01:45:00+00:00,3457.0250000000005,3457.0250000000005,WIN,28.600000000000136
BUY,2025-08-31 22:15:00+00:00,3447.845,3446.605,18,2025-08-31 22:15:00+00:00,3446.605,3450.9449999999993,LOSS,-1.2399999999997817
BUY,2025-09-01 23:45:00+00:00,3478.965,3474.925,19,2025-09-02 01:00:00+00:00,3489.065,3489.065,WIN,10.099999999999909
BUY,2025-09-02 14:00:00+00:00,3497.699,3478.3650000000002,10,2025-09-03 00:15:00+00:00,3546.0339999999997,3546.0339999999997,WIN,48.33499999999958
BUY,2025-09-03 14:15:00+00:00,3562.699,3548.855,10,2025-09-04 01:30:00+00:00,3548.855,3597.309,LOSS,-13.844000000000051
BUY,2025-09-05 13:45:00+00:00,3594.155,3574.9750000000004,9,2025-09-05 14:30:00+00:00,3574.9750000000004,3642.1049999999996,LOSS,-19.179999999999836
BUY,2025-09-07 22:00:00+00:00,3590.398,3584.9950000000003,18,2025-09-07 22:00:00+00:00,3584.9950000000003,3603.9055,LOSS,-5.402999999999793
BUY,2025-09-08 13:45:00+00:00,3633.205,3619.768,9,2025-09-09 13:30:00+00:00,3666.7974999999997,3666.7974999999997,WIN,33.592499999999745
SELL,2025-09-09 20:30:00+00:00,3628.415,3667.4449999999997,16,2025-09-15 15:15:00+00:00,3667.4449999999997,3530.8400000000006,LOSS,-39.029999999999745
SELL,2025-09-11 02:15:00+00:00,3637.765,3653.975,22,2025-09-12 04:00:00+00:00,3653.975,3597.24,LOSS,-16.210000000000036
BUY,2025-09-11 14:15:00+00:00,3634.805,3617.905,10,2025-09-15 15:45:00+00:00,3677.054999999999,3677.054999999999,WIN,42.24999999999909
BUY,2025-09-12 14:15:00+00:00,3652.475,3646.255,10,2025-09-12 15:00:00+00:00,3646.255,3668.0249999999996,LOSS,-6.2199999999998
BUY,2025-09-14 22:00:00+00:00,3643.498,3642.4350000000004,18,2025-09-14 22:15:00+00:00,3642.4350000000004,3646.155499999999,LOSS,-1.0629999999996471
BUY,2025-09-15 15:00:00+00:00,3664.675,3652.425,11,2025-09-16 08:00:00+00:00,3695.3,3695.3,WIN,30.625
BUY,2025-09-16 14:00:00+00:00,3699.255,3691.655,10,2025-09-16 14:15:00+00:00,3691.655,3718.255,LOSS,-7.599999999999909
BUY,2025-09-17 14:00:00+00:00,3683.795,3675.898,10,2025-09-17 18:00:00+00:00,3675.898,3703.5375,LOSS,-7.8969999999999345
BUY,2025-09-19 13:45:00+00:00,3662.995,3653.4550000000004,9,2025-09-21 22:00:00+00:00,3686.8449999999984,3686.8449999999984,WIN,23.849999999998772
BUY,2025-09-21 22:00:00+00:00,3687.698,3684.289,18,2025-09-21 22:00:00+00:00,3684.289,3696.220499999999,LOSS,-3.4089999999996508
BUY,2025-09-22 14:45:00+00:00,3725.665,3715.6980000000003,10,2025-09-23 01:00:00+00:00,3750.582499999999,3750.582499999999,WIN,24.91749999999911
SELL,2025-09-24 14:45:00+00:00,3752.575,3768.245,10,2025-09-26 14:00:00+00:00,3768.245,3713.3999999999996,LOSS,-15.670000000000073
BUY,2025-09-25 18:15:00+00:00,3749.885,3724.235,14,2025-09-29 05:45:00+00:00,3814.01,3814.01,WIN,64.12500000000023
BUY,2025-09-26 13:45:00+00:00,3761.358,3751.7050000000004,9,2025-09-29 00:45:00+00:00,3785.4905,3785.4905,WIN,24.13249999999948
BUY,2025-09-28 22:00:00+00:00,3767.835,3758.8050000000003,18,2025-09-28 22:00:00+00:00,3758.8050000000003,3790.4099999999994,LOSS,-9.029999999999745
BUY,2025-09-29 14:45:00+00:00,3828.025,3817.8250000000003,10,2025-09-30 03:00:00+00:00,3853.5249999999996,3853.5249999999996,WIN,25.499999999999545
BUY,2025-09-30 14:00:00+00:00,3843.705,3811.875,10,2025-10-06 02:00:00+00:00,3923.2799999999997,3923.2799999999997,WIN,79.57499999999982
BUY,2025-10-01 14:30:00+00:00,3876.985,3868.438,10,2025-10-01 14:45:00+00:00,3868.438,3898.3525,LOSS,-8.547000000000025
SELL,2025-10-02 14:30:00+00:00,3837.748,3897.158,10,2025-10-05 22:45:00+00:00,3897.158,3689.2230000000004,LOSS,-59.409999999999854
BUY,2025-10-03 15:15:00+00:00,3887.395,3872.415,11,2025-10-06 03:00:00+00:00,3924.8450000000003,3924.8450000000003,WIN,37.450000000000045
BUY,2025-10-05 22:00:00+00:00,3889.805,3886.625,18,2025-10-05 22:00:00+00:00,3886.625,3897.754999999999,LOSS,-3.1799999999998363
BUY,2025-10-06 14:00:00+00:00,3948.335,3926.8250000000003,10,2025-10-08 02:00:00+00:00,4002.1099999999997,4002.1099999999997,WIN,53.77499999999941
BUY,2025-10-07 14:45:00+00:00,3985.405,3970.045,10,2025-10-07 15:45:00+00:00,3970.045,4023.8050000000003,LOSS,-15.360000000000127
BUY,2025-10-08 14:00:00+00:00,4042.355,4025.855,10,2025-10-08 22:00:00+00:00,4025.855,4083.605,LOSS,-16.5
SELL,2025-10-09 14:15:00+00:00,4006.745,4056.598,10,2025-10-12 23:00:00+00:00,4056.598,3882.1124999999997,LOSS,-49.853000000000065
SELL,2025-10-10 13:45:00+00:00,3979.945,3998.0449999999996,9,2025-10-10 15:00:00+00:00,3998.0449999999996,3934.6950000000015,LOSS,-18.099999999999454
BUY,2025-10-12 22:00:00+00:00,4021.365,4017.645,18,2025-10-12 22:00:00+00:00,4017.645,4030.664999999999,LOSS,-3.7199999999998
BUY,2025-10-13 13:45:00+00:00,4093.925,4081.355,9,2025-10-13 23:30:00+00:00,4125.35,4125.35,WIN,31.42500000000041
BUY,2025-10-14 14:00:00+00:00,4134.045,4106.015,10,2025-10-15 07:30:00+00:00,4204.119999999999,4204.119999999999,WIN,70.07499999999936
BUY,2025-10-15 14:00:00+00:00,4207.945,4182.875,10,2025-10-15 15:45:00+00:00,4182.875,4270.619999999999,LOSS,-25.06999999999971
BUY,2025-10-16 14:00:00+00:00,4265.135,4244.798,10,2025-10-16 20:00:00+00:00,4315.977500000001,4315.977500000001,WIN,50.84250000000111
SELL,2025-10-17 14:00:00+00:00,4216.959,4316.915,10,2025-10-20 12:30:00+00:00,4316.915,3967.0689999999995,LOSS,-99.95600000000013
BUY,2025-10-19 22:00:00+00:00,4258.685,4250.655,18,2025-10-19 22:00:00+00:00,4250.655,4278.760000000002,LOSS,-8.030000000000655
BUY,2025-10-20 14:15:00+00:00,4326.075,4302.219,10,2025-10-21 07:30:00+00:00,4302.219,4385.714999999999,LOSS,-23.855999999999767
SELL,2025-10-21 13:45:00+00:00,4173.175,4225.498,9,2025-10-22 00:00:00+00:00,4042.3675000000017,4042.3675000000017,WIN,130.80749999999853
SELL,2025-10-22 14:30:00+00:00,4029.725,4085.115,10,2025-10-22 19:00:00+00:00,4085.115,3891.25,LOSS,-55.38999999999987
SELL,2025-10-23 19:15:00+00:00,4128.245,4149.595,15,2025-10-24 07:45:00+00:00,4074.869999999999,4074.869999999999,WIN,53.37500000000091
BUY,2025-10-24 14:00:00+00:00,4132.035,4098.015,10,2025-10-24 20:00:00+00:00,4098.015,4217.084999999999,LOSS,-34.01999999999953
SELL,2025-10-26 22:00:00+00:00,4104.348,4111.755,18,2025-10-26 22:00:00+00:00,4085.8304999999996,4085.8304999999996,WIN,18.517500000000382
SELL,2025-10-27 14:00:00+00:00,4004.445,4038.835,10,2025-10-28 08:15:00+00:00,3918.4700000000003,3918.4700000000003,WIN,85.97499999999968
SELL,2025-10-29 15:45:00+00:00,3992.695,4019.3149999999996,11,2025-10-29 22:00:00+00:00,3926.1450000000013,3926.1450000000013,WIN,66.54999999999859
BUY,2025-10-30 13:45:00+00:00,3995.048,3962.695,9,2025-11-03 00:15:00+00:00,3962.695,4075.9304999999986,LOSS,-32.35299999999961
SELL,2025-10-31 16:00:00+00:00,3978.618,4028.705,12,2025-11-03 15:00:00+00:00,4028.705,3853.4004999999997,LOSS,-50.08699999999999
SELL,2025-11-02 23:00:00+00:00,3995.705,4001.705,18,2025-11-02 23:00:00+00:00,3980.705,3980.705,WIN,15.0
BUY,2025-11-03 14:45:00+00:00,4022.085,4001.215,9,2025-11-03 16:15:00+00:00,4001.215,4074.2599999999998,LOSS,-20.86999999999989
SELL,2025-11-05 14:45:00+00:00,3973.005,3985.625,9,2025-11-05 16:45:00+00:00,3985.625,3941.4550000000004,LOSS,-12.61999999999989
SELL,2025-11-06 15:00:00+00:00,3982.305,4003.1949999999997,10,2025-11-07 06:45:00+00:00,4003.1949999999997,3930.08,LOSS,-20.889999999999873
BUY,2025-11-07 16:15:00+00:00,4007.715,3983.8650000000002,11,2025-11-10 05:45:00+00:00,4067.34,4067.34,WIN,59.62499999999977
BUY,2025-11-09 23:00:00+00:00,4010.515,4000.0890000000004,18,2025-11-09 23:00:00+00:00,4000.0890000000004,4036.5799999999986,LOSS,-10.425999999999476
BUY,2025-11-10 15:00:00+00:00,4087.325,4073.8650000000002,10,2025-11-10 23:45:00+00:00,4120.9749999999985,4120.9749999999985,WIN,33.649999999998954
BUY,2025-11-11 23:15:00+00:00,4138.175,4123.125,18,2025-11-12 02:30:00+00:00,4123.125,4175.800000000001,LOSS,-15.050000000000182
BUY,2025-11-12 15:00:00+00:00,4161.698,4124.595,10,2025-11-14 12:00:00+00:00,4124.595,4254.4555,LOSS,-37.103000000000065
SELL,2025-11-13 18:30:00+00:00,4155.559,4220.155,13,2025-11-28 18:15:00+00:00,4220.155,3994.0690000000013,LOSS,-64.59599999999955
BUY,2025-11-16 23:00:00+00:00,4098.445,4081.819,18,2025-11-16 23:00:00+00:00,4081.819,4140.009999999999,LOSS,-16.62599999999975
SELL,2025-11-17 15:45:00+00:00,4064.075,4081.975,10,2025-11-17 19:30:00+00:00,4019.325,4019.325,WIN,44.75000000000023
SELL,2025-11-18 15:45:00+00:00,4052.765,4081.845,10,2025-11-18 20:00:00+00:00,4081.845,3980.065,LOSS,-29.079999999999927
BUY,2025-11-19 14:45:00+00:00,4127.605,4101.585,9,2025-11-19 15:45:00+00:00,4101.585,4192.654999999999,LOSS,-26.019999999999527
BUY,2025-11-20 14:45:00+00:00,4092.675,4073.9350000000004,9,2025-11-20 15:45:00+00:00,4073.9350000000004,4139.525,LOSS,-18.73999999999978
BUY,2025-11-21 14:45:00+00:00,4071.025,4061.1150000000002,9,2025-11-21 15:30:00+00:00,4061.1150000000002,4095.7999999999997,LOSS,-9.909999999999854
BUY,2025-11-23 23:00:00+00:00,4074.355,4064.079,18,2025-11-24 00:00:00+00:00,4064.079,4100.045,LOSS,-10.27599999999984
BUY,2025-11-24 14:45:00+00:00,4081.125,4067.875,9,2025-11-24 18:30:00+00:00,4114.25,4114.25,WIN,33.125
BUY,2025-11-25 16:15:00+00:00,4140.255,4117.028,11,2025-11-28 14:15:00+00:00,4198.3225,4198.3225,WIN,58.067499999999654
BUY,2025-11-26 15:15:00+00:00,4156.395,4140.965,10,2025-11-28 14:15:00+00:00,4194.970000000001,4194.970000000001,WIN,38.57500000000073
BUY,2025-11-27 15:15:00+00:00,4160.845,4152.595,10,2025-11-27 16:15:00+00:00,4152.595,4181.47,LOSS,-8.25
BUY,2025-11-28 16:15:00+00:00,4209.295,4194.188,11,2025-12-01 01:45:00+00:00,4247.0625,4247.0625,WIN,37.76749999999993
BUY,2025-11-30 23:15:00+00:00,4221.855,4218.759,18,2025-11-30 23:15:00+00:00,4218.759,4229.594999999998,LOSS,-3.095999999999549
SELL,2025-12-02 01:00:00+00:00,4205.125,4247.875,20,2025-12-05 15:15:00+00:00,4247.875,4098.25,LOSS,-42.75
SELL,2025-12-02 15:00:00+00:00,4205.795,4229.465,10,2025-12-03 13:45:00+00:00,4229.465,4146.62,LOSS,-23.670000000000073
SELL,2025-12-03 14:45:00+00:00,4211.855,4241.4349999999995,9,2025-12-05 14:45:00+00:00,4241.4349999999995,4137.905,LOSS,-29.579999999999927
BUY,2025-12-04 16:15:00+00:00,4216.005,4193.085,11,2025-12-05 21:15:00+00:00,4193.085,4273.305,LOSS,-22.920000000000073
BUY,2025-12-05 14:45:00+00:00,4241.495,4227.845,9,2025-12-05 16:00:00+00:00,4227.845,4275.619999999999,LOSS,-13.649999999999636
SELL,2025-12-07 23:00:00+00:00,4193.385,4197.605,18,2025-12-07 23:00:00+00:00,4197.605,4182.835000000002,LOSS,-4.219999999999345
SELL,2025-12-08 14:45:00+00:00,4196.305,4211.005,9,2025-12-09 09:15:00+00:00,4211.005,4159.555,LOSS,-14.699999999999818
BUY,2025-12-09 15:45:00+00:00,4212.288,4192.285,10,2025-12-10 10:00:00+00:00,4192.285,4262.295499999998,LOSS,-20.0029999999997
BUY,2025-12-10 16:30:00+00:00,4202.305,4190.895,11,2025-12-10 19:00:00+00:00,4190.895,4230.83,LOSS,-11.409999999999854
BUY,2025-12-11 15:30:00+00:00,4254.525,4229.945000000001,10,2025-12-12 09:00:00+00:00,4315.974999999997,4315.974999999997,WIN,61.449999999997544
BUY,2025-12-12 14:45:00+00:00,4346.589,4330.585,9,2025-12-12 15:15:00+00:00,4330.585,4386.599,LOSS,-16.003999999999905
BUY,2025-12-14 23:00:00+00:00,4302.025,4298.505,18,2025-12-14 23:00:00+00:00,4298.505,4310.824999999999,LOSS,-3.519999999999527
SELL,2025-12-15 16:00:00+00:00,4303.185,4335.195,11,2025-12-17 05:15:00+00:00,4335.195,4223.160000000002,LOSS,-32.00999999999931
SELL,2025-12-16 16:30:00+00:00,4294.555,4331.945,11,2025-12-17 05:00:00+00:00,4331.945,4201.080000000002,LOSS,-37.38999999999942
BUY,2025-12-17 15:00:00+00:00,4342.755,4325.175,10,2025-12-17 15:45:00+00:00,4325.175,4386.705,LOSS,-17.579999999999927
BUY,2025-12-18 16:00:00+00:00,4361.939,4311.005,11,2025-12-19 01:15:00+00:00,4311.005,4489.274000000001,LOSS,-50.9340000000002
BUY,2025-12-19 15:00:00+00:00,4341.505,4326.325,10,2025-12-22 01:30:00+00:00,4379.455000000001,4379.455000000001,WIN,37.95000000000073
BUY,2025-12-21 23:00:00+00:00,4344.525,4338.469,18,2025-12-21 23:00:00+00:00,4338.469,4359.664999999999,LOSS,-6.055999999999585
BUY,2025-12-22 15:30:00+00:00,4427.555,4414.285,10,2025-12-22 23:45:00+00:00,4460.730000000001,4460.730000000001,WIN,33.17500000000109
BUY,2025-12-23 16:30:00+00:00,4465.648,4447.215,11,2025-12-24 00:00:00+00:00,4511.7305,4511.7305,WIN,46.08249999999998
SELL,2025-12-24 14:45:00+00:00,4464.445,4488.865,9,2025-12-25 23:00:00+00:00,4488.865,4403.3949999999995,LOSS,-24.420000000000073
BUY,2025-12-25 23:00:00+00:00,4488.835,4478.829000000001,18,2025-12-26 00:45:00+00:00,4513.8499999999985,4513.8499999999985,WIN,25.01499999999851
BUY,2025-12-26 15:15:00+00:00,4532.985,4518.529,10,2025-12-26 17:15:00+00:00,4518.529,4569.124999999998,LOSS,-14.455999999999221
BUY,2025-12-28 23:00:00+00:00,4533.475,4532.165,18,2025-12-28 23:00:00+00:00,4532.165,4536.750000000002,LOSS,-1.3100000000004002
SELL,2025-12-29 15:00:00+00:00,4342.705,4389.995,10,2025-12-30 10:30:00+00:00,4389.995,4224.48,LOSS,-47.289999999999964
SELL,2025-12-30 15:30:00+00:00,4362.275,4392.105,10,2025-12-31 05:45:00+00:00,4287.7,4287.7,WIN,74.57499999999982
SELL,2025-12-31 15:00:00+00:00,4331.355,4348.447999999999,10,2026-01-01 23:45:00+00:00,4348.447999999999,4288.6224999999995,LOSS,-17.092999999999847
BUY,2026-01-01 23:15:00+00:00,4339.515,4318.479,18,2026-01-02 08:45:00+00:00,4392.1050000000005,4392.1050000000005,WIN,52.590000000000146
SELL,2026-01-02 15:00:00+00:00,4340.595,4370.224999999999,10,2026-01-04 23:15:00+00:00,4370.224999999999,4266.520000000002,LOSS,-29.6299999999992
BUY,2026-01-04 23:00:00+00:00,4369.665,4331.375,18,2026-01-06 03:15:00+00:00,4465.389999999999,4465.389999999999,WIN,95.72499999999991
BUY,2026-01-05 14:45:00+00:00,4435.998,4417.398,9,2026-01-06 14:30:00+00:00,4482.497999999998,4482.497999999998,WIN,46.499999999998636
BUY,2026-01-06 14:45:00+00:00,4487.425,4464.685,9,2026-01-06 15:30:00+00:00,4464.685,4544.275,LOSS,-22.73999999999978
SELL,2026-01-07 15:00:00+00:00,4426.475,4452.255,10,2026-01-07 16:15:00+00:00,4452.255,4362.0250000000015,LOSS,-25.779999999999745
BUY,2026-01-08 15:00:00+00:00,4447.845,4421.415,10,2026-01-09 15:30:00+00:00,4513.920000000001,4513.920000000001,WIN,66.07500000000073
BUY,2026-01-09 15:15:00+00:00,4505.025,4482.085,10,2026-01-09 17:45:00+00:00,4482.085,4562.374999999998,LOSS,-22.9399999999996
BUY,2026-01-11 23:00:00+00:00,4529.865,4508.8150000000005,18,2026-01-12 00:30:00+00:00,4582.489999999998,4582.489999999998,WIN,52.62499999999818
BUY,2026-01-12 15:00:00+00:00,4617.149,4584.895,10,2026-01-12 23:00:00+00:00,4584.895,4697.784,LOSS,-32.253999999999905
BUY,2026-01-13 14:45:00+00:00,4629.065,4611.295,9,2026-01-13 15:15:00+00:00,4611.295,4673.489999999998,LOSS,-17.769999999999527
BUY,2026-01-14 18:45:00+00:00,4635.005,4613.745,13,2026-01-14 23:00:00+00:00,4613.745,4688.155000000001,LOSS,-21.26000000000022
BUY,2026-01-15 15:00:00+00:00,4613.025,4601.135,10,2026-01-15 16:45:00+00:00,4601.135,4642.749999999998,LOSS,-11.889999999999418
BUY,2026-01-16 15:00:00+00:00,4615.748,4595.548,10,2026-01-16 15:15:00+00:00,4595.548,4666.248,LOSS,-20.199999999999818
BUY,2026-01-18 23:00:00+00:00,4653.725,4595.3150000000005,18,2026-01-21 01:00:00+00:00,4799.75,4799.75,WIN,146.02499999999964
BUY,2026-01-19 15:45:00+00:00,4674.055,4663.505,10,2026-01-20 00:15:00+00:00,4663.505,4700.43,LOSS,-10.550000000000182
BUY,2026-01-20 16:45:00+00:00,4753.255,4728.095,11,2026-01-21 01:15:00+00:00,4816.155,4816.155,WIN,62.899999999999636
SELL,2026-01-21 19:30:00+00:00,4765.598,4872.445,14,2026-01-22 15:45:00+00:00,4872.445,4498.480500000001,LOSS,-106.84699999999975
BUY,2026-01-22 15:15:00+00:00,4853.805,4827.865,10,2026-01-22 18:45:00+00:00,4918.655000000002,4918.655000000002,WIN,64.85000000000127
BUY,2026-01-23 15:00:00+00:00,4952.565,4932.335,10,2026-01-25 23:00:00+00:00,5003.1399999999985,5003.1399999999985,WIN,50.57499999999891
BUY,2026-01-25 23:00:00+00:00,5021.305,4983.585,18,2026-01-27 20:00:00+00:00,5115.605000000001,5115.605000000001,WIN,94.30000000000064
BUY,2026-01-26 14:45:00+00:00,5095.898,5074.3150000000005,9,2026-01-26 15:30:00+00:00,5074.3150000000005,5149.8555,LOSS,-21.58299999999963
BUY,2026-01-27 15:45:00+00:00,5090.775,5059.025000000001,10,2026-01-27 20:45:00+00:00,5170.149999999998,5170.149999999998,WIN,79.37499999999773
BUY,2026-01-28 14:45:00+00:00,5285.945,5249.845,9,2026-01-28 15:00:00+00:00,5249.845,5376.194999999998,LOSS,-36.099999999999454
SELL,2026-01-29 15:15:00+00:00,5188.798,5545.348,10,2026-03-23 06:00:00+00:00,4297.422999999999,4297.422999999999,WIN,891.3750000000005
SELL,2026-01-30 14:45:00+00:00,5031.825,5112.458,9,2026-01-30 17:45:00+00:00,4830.2425,4830.2425,WIN,201.58249999999953
SELL,2026-02-01 23:00:00+00:00,4739.948,4895.318,18,2026-02-03 07:15:00+00:00,4895.318,4351.523000000001,LOSS,-155.3699999999999
SELL,2026-02-02 15:15:00+00:00,4680.435,4793.188999999999,10,2026-02-03 00:00:00+00:00,4793.188999999999,4398.550000000003,LOSS,-112.753999999999
BUY,2026-02-03 15:00:00+00:00,4936.055,4892.695000000001,10,2026-02-03 18:30:00+00:00,4892.695000000001,5044.455,LOSS,-43.35999999999967
SELL,2026-02-04 15:30:00+00:00,4943.785,5038.065,10,2026-02-05 23:45:00+00:00,4708.085000000001,4708.085000000001,WIN,235.69999999999936
SELL,2026-02-05 21:15:00+00:00,4802.225,4865.465,16,2026-02-06 05:30:00+00:00,4865.465,4644.125000000001,LOSS,-63.23999999999978
BUY,2026-02-06 14:45:00+00:00,4947.058,4897.085,9,2026-02-09 16:15:00+00:00,5071.9905,5071.9905,WIN,124.93249999999989
BUY,2026-02-08 23:00:00+00:00,4979.505,4964.098,18,2026-02-08 23:00:00+00:00,4964.098,5018.022500000001,LOSS,-15.407000000000153
BUY,2026-02-09 14:45:00+00:00,5037.875,5013.365,9,2026-02-09 23:00:00+00:00,5013.365,5099.150000000001,LOSS,-24.51000000000022
SELL,2026-02-10 15:30:00+00:00,5013.795,5078.6849999999995,10,2026-02-11 10:30:00+00:00,5078.6849999999995,4851.5700000000015,LOSS,-64.88999999999942
BUY,2026-02-11 17:00:00+00:00,5084.548,5035.335,12,2026-02-12 16:00:00+00:00,5035.335,5207.580499999999,LOSS,-49.21299999999974
SELL,2026-02-12 14:45:00+00:00,5044.055,5071.554999999999,9,2026-02-12 15:30:00+00:00,5071.554999999999,4975.305000000002,LOSS,-27.49999999999909
BUY,2026-02-13 16:15:00+00:00,5027.548,4963.548,11,2026-02-17 00:45:00+00:00,4963.548,5187.548,LOSS,-64.0
SELL,2026-02-15 23:00:00+00:00,5022.055,5040.485,18,2026-02-15 23:00:00+00:00,5040.485,4975.980000000001,LOSS,-18.42999999999938
SELL,2026-02-16 15:00:00+00:00,4976.245,4994.474999999999,10,2026-02-16 17:15:00+00:00,4994.474999999999,4930.670000000001,LOSS,-18.229999999999563
SELL,2026-02-17 14:45:00+00:00,4863.305,4906.875,9,2026-02-17 18:45:00+00:00,4906.875,4754.380000000001,LOSS,-43.56999999999971
BUY,2026-02-18 14:45:00+00:00,4991.595,4955.078,9,2026-02-20 20:15:00+00:00,5082.8875,5082.8875,WIN,91.29249999999956
BUY,2026-02-19 14:45:00+00:00,5005.138,4962.438,9,2026-02-22 23:00:00+00:00,5111.887999999999,5111.887999999999,WIN,106.74999999999955
BUY,2026-02-20 16:30:00+00:00,5062.635,5037.125,11,2026-02-22 23:00:00+00:00,5126.410000000001,5126.410000000001,WIN,63.775000000000546
BUY,2026-02-22 23:00:00+00:00,5145.985,5105.969,18,2026-02-22 23:00:00+00:00,5105.969,5246.024999999999,LOSS,-40.01599999999962
BUY,2026-02-23 14:45:00+00:00,5192.245,5164.438,9,2026-02-24 01:15:00+00:00,5164.438,5261.762499999999,LOSS,-27.80699999999979
BUY,2026-02-24 17:15:00+00:00,5158.355,5109.205,12,2026-03-01 23:00:00+00:00,5281.229999999999,5281.229999999999,WIN,122.87499999999909
BUY,2026-02-25 14:45:00+00:00,5190.935,5158.245,9,2026-02-25 20:45:00+00:00,5158.245,5272.660000000002,LOSS,-32.69000000000051
BUY,2026-02-26 15:45:00+00:00,5185.388,5139.285,10,2026-03-01 23:00:00+00:00,5300.6455000000005,5300.6455000000005,WIN,115.25750000000016
BUY,2026-02-27 15:00:00+00:00,5237.615,5213.335,10,2026-03-01 23:00:00+00:00,5298.314999999999,5298.314999999999,WIN,60.69999999999936
BUY,2026-03-01 23:00:00+00:00,5346.645,5277.219,18,2026-03-02 16:00:00+00:00,5277.219,5520.210000000001,LOSS,-69.42600000000039
SELL,2026-03-02 16:00:00+00:00,5299.995,5355.835,11,2026-03-03 00:15:00+00:00,5355.835,5160.3949999999995,LOSS,-55.840000000000146
SELL,2026-03-03 14:45:00+00:00,5037.825,5145.835,9,2026-03-03 19:00:00+00:00,5145.835,4767.799999999999,LOSS,-108.01000000000022
SELL,2026-03-04 14:45:00+00:00,5145.855,5185.075,9,2026-03-05 01:00:00+00:00,5185.075,5047.8049999999985,LOSS,-39.220000000000255
SELL,2026-03-05 15:00:00+00:00,5085.155,5123.565,10,2026-03-06 01:45:00+00:00,5123.565,4989.13,LOSS,-38.409999999999854
BUY,2026-03-06 14:45:00+00:00,5129.835,5083.685,9,2026-03-08 23:30:00+00:00,5083.685,5245.209999999999,LOSS,-46.149999999999636
SELL,2026-03-08 22:00:00+00:00,5158.098,5171.998,18,2026-03-08 22:00:00+00:00,5171.998,5123.348000000001,LOSS,-13.899999999999636
SELL,2026-03-09 13:45:00+00:00,5073.885,5111.178,9,2026-03-09 14:30:00+00:00,5111.178,4980.652500000001,LOSS,-37.292999999999665
BUY,2026-03-10 15:00:00+00:00,5223.275,5206.835,11,2026-03-10 15:00:00+00:00,5206.835,5264.374999999998,LOSS,-16.4399999999996
BUY,2026-03-11 14:00:00+00:00,5189.645,5164.8150000000005,10,2026-03-11 15:45:00+00:00,5164.8150000000005,5251.72,LOSS,-24.829999999999927
SELL,2026-03-12 13:45:00+00:00,5151.025,5171.155,9,2026-03-12 18:30:00+00:00,5100.699999999999,5100.699999999999,WIN,50.32500000000027
SELL,2026-03-13 14:00:00+00:00,5090.635,5112.505,10,2026-03-13 14:45:00+00:00,5035.960000000001,5035.960000000001,WIN,54.67499999999973
SELL,2026-03-15 22:15:00+00:00,5012.945,5018.298,18,2026-03-15 22:15:00+00:00,5018.298,4999.5625,LOSS,-5.3530000000000655
SELL,2026-03-16 14:15:00+00:00,5014.635,5034.545,10,2026-03-17 04:30:00+00:00,5034.545,4964.860000000001,LOSS,-19.909999999999854
SELL,2026-03-17 14:15:00+00:00,5008.005,5031.415,10,2026-03-18 11:15:00+00:00,4949.4800000000005,4949.4800000000005,WIN,58.524999999999636
SELL,2026-03-18 19:15:00+00:00,4848.985,4885.505,15,2026-03-19 06:45:00+00:00,4757.684999999999,4757.684999999999,WIN,91.30000000000109
SELL,2026-03-20 13:45:00+00:00,4616.085,4665.657999999999,9,2026-03-20 18:45:00+00:00,4492.152500000002,4492.152500000002,WIN,123.93249999999853
BUY,2026-03-22 22:15:00+00:00,4524.025,4489.8550000000005,18,2026-03-22 22:45:00+00:00,4489.8550000000005,4609.449999999997,LOSS,-34.16999999999916
BUY,2026-03-23 13:45:00+00:00,4453.975,4400.795,9,2026-03-23 15:45:00+00:00,4400.795,4586.925000000001,LOSS,-53.18000000000029
BUY,2026-03-24 14:30:00+00:00,4411.778,4350.795,10,2026-03-25 00:30:00+00:00,4564.235500000001,4564.235500000001,WIN,152.45750000000044
SELL,2026-03-25 23:30:00+00:00,4494.455,4576.485,19,2026-03-30 11:45:00+00:00,4576.485,4289.380000000001,LOSS,-82.02999999999975
SELL,2026-03-26 16:15:00+00:00,4396.185,4453.495,12,2026-03-27 05:30:00+00:00,4453.495,4252.910000000002,LOSS,-57.30999999999949
BUY,2026-03-27 14:00:00+00:00,4459.305,4413.138,10,2026-03-30 11:45:00+00:00,4574.722500000002,4574.722500000002,WIN,115.41750000000093
BUY,2026-03-29 22:00:00+00:00,4496.628,4492.175,18,2026-03-29 22:00:00+00:00,4492.175,4507.7604999999985,LOSS,-4.45299999999952
SELL,2026-03-30 18:45:00+00:00,4498.845,4573.875,14,2026-03-31 01:15:00+00:00,4573.875,4311.27,LOSS,-75.02999999999975
BUY,2026-03-31 13:45:00+00:00,4606.705,4567.725,9,2026-04-01 00:00:00+00:00,4704.154999999999,4704.154999999999,WIN,97.44999999999891
BUY,2026-04-01 14:30:00+00:00,4753.815,4730.3550000000005,10,2026-04-02 01:00:00+00:00,4730.3550000000005,4812.464999999997,LOSS,-23.459999999999127
SELL,2026-04-05 22:00:00+00:00,4629.545,4676.005,18,2026-04-06 05:00:00+00:00,4676.005,4513.395,LOSS,-46.460000000000036
BUY,2026-04-06 13:45:00+00:00,4679.488,4660.338,9,2026-04-06 14:00:00+00:00,4660.338,4727.363000000001,LOSS,-19.150000000000546
SELL,2026-04-07 14:00:00+00:00,4621.675,4663.405,10,2026-04-07 16:00:00+00:00,4663.405,4517.350000000001,LOSS,-41.72999999999956
SELL,2026-04-08 18:15:00+00:00,4722.315,4794.598,14,2026-04-09 15:30:00+00:00,4794.598,4541.607499999998,LOSS,-72.28300000000036
